date,Ext_risk_c,Ext_risk_d,cases_pc,deaths_pc,Int_risk_c,Int_risk_d
2020-01-21,0.0,0.0,0.0,0.0,0.0,0.0
2020-01-22,0.0,0.0,0.0,0.0,0.0,0.0
2020-01-23,0.0,0.0,0.0,0.0,0.0,0.0
2020-01-24,9.061761593724391,0.0,0.0,0.0,0.0,0.0
2020-01-25,11.812912243790748,0.0,0.0,0.0,0.0,0.0
2020-01-26,26.50301326409907,0.0,0.0,0.0,0.0,0.0
2020-01-27,28.104993322973304,0.0,0.0,0.0,0.0,0.0
2020-01-28,27.365494162035404,0.0,0.0,0.0,0.0,0.0
2020-01-29,28.594016210489198,0.0,0.0,0.0,0.0,0.0
2020-01-30,40.78356030765114,0.0,0.0,0.0,0.0,0.0
2020-01-31,47.52171615815749,0.0,0.0,0.0,0.0,0.0
2020-02-01,65.38702706534079,0.0,0.0,0.0,0.0,0.0
2020-02-02,68.24007093343711,0.0,0.0,0.0,0.0,0.0
2020-02-03,79.6010582699973,0.0,0.0,0.0,0.0,0.0
2020-02-04,73.24527682101932,0.0,0.0,0.0,0.0,0.0
2020-02-05,81.13310009083655,0.0,0.0,0.0,0.0,0.0
2020-02-06,88.97091110070065,0.0,0.0,0.0,0.0,0.0
2020-02-07,79.16723117818952,0.0,0.0,0.0,0.0,0.0
2020-02-08,77.0292205928807,0.0,0.0,0.0,0.0,0.0
2020-02-09,51.20031900481903,0.0,0.0,0.0,0.0,0.0
2020-02-10,63.98348250272372,0.0,0.0,0.0,0.0,0.0
2020-02-11,60.76437567396486,0.0,0.0,0.0,0.0,0.0
2020-02-12,72.0955106867638,0.0,0.0,0.0,0.0,0.0
2020-02-13,66.34000180090996,0.0,0.0,0.0,0.0,0.0
2020-02-14,76.34761298148018,0.0,0.0,0.0,0.0,0.0
2020-02-15,47.142279305898235,0.0,0.0,0.0,0.0,0.0
2020-02-16,25.773623503174942,0.0,0.0,0.0,0.0,0.0
2020-02-17,109.0598128838415,0.0,0.0,0.0,0.0,0.0
2020-02-18,109.01435967368323,0.0,0.0,0.0,0.0,0.0
2020-02-19,102.33439286785374,0.0,0.0,0.0,0.0,0.0
2020-02-20,126.44803860745675,0.0,0.0,0.0,0.0,0.0
2020-02-21,125.71358044402396,0.0,0.0,0.0,0.0,0.0
2020-02-22,114.479231828564,0.0,0.0,0.0,0.0,0.0
2020-02-23,115.93248442864078,0.0,0.0,0.0,0.0,0.0
2020-02-24,215.44534758549412,0.0,0.0,0.0,0.0,0.0
2020-02-25,253.0178067442001,0.0,0.0,0.0,0.0,0.0
2020-02-26,371.51195271568105,0.0,0.0,0.0,0.0,0.0
2020-02-27,343.9778019118636,0.0,0.0,0.0,0.0,0.0
2020-02-28,347.53399362760047,0.0,0.0,0.0,0.0,0.0
2020-02-29,352.15438763384736,4.335034000518152,0.0,0.0,0.0,0.0
2020-03-01,577.2690110367048,12.85119546899168,0.0,0.0,0.0,0.0
2020-03-02,612.1151633159046,25.933250736827524,0.0,0.0,0.0,0.0
2020-03-03,894.2071976464163,37.45058959027516,0.0,0.0,0.0,0.0
2020-03-04,1850.3611295204619,38.92621699256345,0.0,0.0,0.0,0.0
2020-03-05,4059.874739637114,41.368078375186485,0.0,0.0,0.0,0.0
2020-03-06,8130.538997016134,175.693224305664,0.015619996719800688,0.0,25981.724603837833,0.0
2020-03-07,14916.822873687317,200.5385674363991,0.031239993439601377,0.0,47977.35100475629,0.0
2020-03-08,15834.132134846659,210.2948141634364,0.046859990159402065,0.0,65069.454315414594,0.0
2020-03-09,19180.53120845466,221.88853136237327,0.07809998359900344,0.0,118463.0704227552,0.0
2020-03-10,22035.44326860146,427.1917479419704,0.09371998031880413,0.0,130259.43252551917,0.0
2020-03-11,28642.690051944654,432.805620603201,0.12495997375840551,0.0,171259.8933154224,0.0
2020-03-12,43935.20100194153,504.21317252391566,0.17181996391780757,0.0,242721.64384845478,0.0
2020-03-13,68358.86493573603,569.7734838298366,0.32020993275591414,0.0,484183.9957513609,0.0
2020-03-14,82730.47643570659,976.7123007856051,0.3670699229153162,0.0,445269.3980834264,0.0
2020-03-15,90203.23677741401,1053.7347089361465,0.5310798884732234,0.0,600953.0072398685,0.0
2020-03-16,118390.5649828546,1501.9820247483522,0.6326098671519279,0.0,742747.8776329457,0.0
2020-03-17,153027.29889148395,1802.1818599461517,0.7888098343499348,0.0,835531.8296483158,0.0
2020-03-18,237924.64221281427,2966.951892088363,1.0855897720261478,0.007809998359900344,1147153.5679977506,8252.903366890292
2020-03-19,377274.5482576103,4150.239602276559,1.4604696933013643,0.007809998359900344,1542131.8562023102,8246.694418194173
2020-03-20,516364.9014323623,5642.670686661162,2.085269562093392,0.007809998359900344,2108853.9608406685,7898.329441350817
2020-03-21,549729.9928711219,5940.37419271949,2.999039370201732,0.015619996719800688,2464277.661061691,12834.779484696308
2020-03-22,748523.816802585,7738.882139820924,3.8893791832303717,0.023429995079701033,3385836.8178942683,20396.60733671246
2020-03-23,1247049.4492046745,12132.494304285105,4.951538960176818,0.046859990159402065,4599222.108543357,43525.76127959013
2020-03-24,1601043.0175525611,18164.090682436716,6.552588623956389,0.062479986879202754,6120779.586226286,58362.61822385017
2020-03-25,2219370.029466605,28110.921513006357,8.864348138486891,0.09371998031880413,8970968.517896611,94847.24424207871
2020-03-26,2573786.6417353945,32834.82183630348,13.027077264313775,0.12495997375840551,12141183.90203138,116462.1957029389
2020-03-27,3094608.9710197444,42707.421247817394,16.99455643114315,0.17962996227770792,15951889.410423223,168609.1252020837
2020-03-28,2835665.4278079737,44306.05243388873,21.618075460204153,0.2733499425965121,18159032.060043268,229612.03833147197
2020-03-29,3153390.672418492,51760.12534256635,26.343124467943863,0.31239993439601377,22499320.14745277,266816.7227684882
2020-03-30,4933233.574832137,84865.97618180516,31.825743316593904,0.3748799212752165,29943473.37962059,352708.39809123636
2020-03-31,5562983.121597958,111025.31157450209,38.23775197007209,0.5623198819128248,34541652.626892954,507965.4798072492
2020-04-01,5629846.6336474735,123747.16699662482,44.25145070719535,0.6013698737123265,46656118.790075056,634048.9140197281
2020-04-02,6585567.151102291,170619.40204519025,53.373528791558954,0.702899852391031,55801490.61628697,734874.766676299
2020-04-03,7463888.879347174,207943.39641720563,63.659296631547704,0.7888098343499348,68674885.29455408,850958.5835786974
2020-04-04,6790528.699509452,210105.60721638668,75.92880405495114,1.0777797736662476,77218454.79182449,1096085.8631219687
2020-04-05,5944180.473637621,194721.8942307989,86.58164181785521,1.2183597441444538,80819287.22830968,1137273.0297326639
2020-04-06,8419330.728177551,290887.6462564845,97.08608961192118,1.2808397310236566,97099972.92273569,1281022.891105193
2020-04-07,8791476.045825085,338190.9508617423,107.23908747979164,1.8197296178567803,106572167.59475482,1808412.719363329
2020-04-08,9576542.91439433,404082.7288387196,119.20400496715895,2.3508095063300036,122460539.17885676,2415031.271233433
2020-04-09,9906382.132394636,447758.6549312288,130.34106262837685,2.561679462047313,130355921.50951648,2561971.4935059864
2020-04-10,10268317.213283762,498803.36850182904,139.88488062417508,3.2177193242789417,139918173.22576365,3218485.14147812
2020-04-11,9240284.101967812,479124.977446184,148.06975890535062,3.748799212752165,148589779.8986262,3761964.995587351
2020-04-12,6626823.248841897,355594.85760359024,152.4043079950953,3.787849204551667,130155412.68812333,3234876.2505759876
2020-04-13,9234699.632670697,520407.4356449399,157.28555697003304,4.022149155348678,142334149.21001866,3639807.6787903877
2020-04-14,10811921.361050026,655658.7997783172,160.8391062237877,5.263938894572832,146556593.59111536,4796501.120734765
2020-04-15,10741069.936592318,703210.2562109649,164.00215555954733,5.89654876172476,151716918.0887372,5454844.19053272
2020-04-16,10931408.916106245,733069.9720288068,166.29829507735803,6.630688607555393,151165649.12020367,6027315.836333674
2020-04-17,11467028.65185057,805620.966284123,169.48477440819738,7.224248482907819,159539238.36114994,6800322.357682305
2020-04-18,9461834.417903451,683456.5172881089,168.94588452136426,7.8880983434993475,151009744.69115362,7050658.382861739
2020-04-19,8441366.67382579,612625.4063782584,167.14958489858716,8.794058153247788,144332830.81200552,7593625.245038698
2020-04-20,10485703.264481042,774042.679718309,163.46326567271421,9.340758038440812,152488995.86851087,8713656.90677205
2020-04-21,11742472.482333062,881349.0595194924,162.46358588264695,10.769987738302575,157056472.8173007,10411541.006396389
2020-04-22,12567645.213591188,951692.2365979718,158.9256566256121,10.988667692379785,157972579.4628283,10922768.652228583
2020-04-23,12815073.437681386,978951.3925340138,155.84851727181137,10.769987738302575,154004985.1610031,10642589.553346194
2020-04-24,11922177.759695955,917733.8808592538,157.52766691918995,10.551307784225365,152746229.6451918,10231043.939050773
2020-04-25,11692831.331946727,894206.2343611534,155.04408744074163,10.363867823587757,155159595.28588498,10371588.90511633
2020-04-26,8167229.354983491,602688.2583631846,154.2787076014714,10.512257792425864,127050212.77559532,8656959.926898416
2020-04-27,11114405.29642983,831986.5095104912,151.77169812794338,10.801227731742177,144243821.9007974,10265486.836247765
2020-04-28,11941712.611976454,909235.7703488494,154.1068876375536,10.512257792425864,152635475.07439023,10411886.755023781
2020-04-29,11571077.27654819,874388.2394320825,151.41243820338798,12.175787443084637,148861895.6818519,11970686.303605877
2020-04-30,11125969.717061711,864540.0338524388,155.49706734561585,12.808397310236565,147023254.66061652,12110403.698815223
2020-05-01,11739250.834417714,904404.6240466431,153.41179778352247,12.839637303676167,172045348.1541069,14399152.490217978
2020-05-02,12183377.713361025,941168.6627730668,150.95945829851377,12.839637303676167,167923527.42480925,14282491.545676775
2020-05-03,8748046.846493086,682544.3023880441,149.0694386954179,12.167977444724736,140448305.84734577,11464266.80516397
2020-05-04,10262424.903594604,791241.0188159398,148.28843885942783,11.824337516889122,155322056.09140822,12385189.493990207
2020-05-05,10476350.019274017,804207.2012772481,145.1331995220281,12.386657398801946,153701863.62180862,13117965.651627213
2020-05-06,10605469.318871683,840701.7300114328,142.34503010754366,12.808397310236565,149226131.20797244,13427568.04461071
2020-05-07,11361186.524557352,913567.9094222962,139.13512078162464,14.651556923173047,153943132.55129215,16210907.47494943
2020-05-08,11029360.13967034,884491.648403923,134.35540178536561,15.135776821486868,141158621.9101694,15902192.016619677
2020-05-09,10576062.378346091,849332.8192700876,133.04332206090237,15.237306800165571,143226191.84479973,16403539.788036644
2020-05-10,9246521.811068282,785846.1288298029,135.33165158035317,15.21387680508587,141115861.70054904,15864133.113612046
2020-05-11,9111483.009905223,767584.6203524242,131.4344623987629,14.838996883810655,132346617.5678103,14941979.522184301
2020-05-12,9184277.06586628,777548.1768268122,125.61601362063713,14.30791699533743,133606699.4790731,15218072.211244835
2020-05-13,9495951.721658688,792171.3420816441,124.9834037534852,13.370717192149389,137033928.59318498,14659881.631664857
2020-05-14,9885890.45733948,809846.9683150394,116.63451550675174,13.417577182308792,125321687.49072562,14416945.166001515
2020-05-15,11824425.225438002,992580.0191978108,112.57331635960357,13.753407111784506,129469895.7052819,15817710.99882069
2020-05-16,12028292.091151644,1026896.2318336999,110.56614678110918,13.245757218390985,124323560.72664225,14893887.05180372
2020-05-17,9158178.14782689,784029.512323662,106.7314375863981,12.972407275794472,112521831.53833537,13676186.315320874
2020-05-18,8698100.689964522,737339.8815228104,106.87201755687632,13.120797244632579,120925153.50551777,14846116.47831554
2020-05-19,8588133.596734527,694359.2598446952,104.94294796198093,11.472887590693606,117774322.20929234,12875677.556407712
2020-05-20,9457098.631422412,722633.776846065,102.79519841300834,11.199537648097094,119291463.46873267,12996805.851250771
2020-05-21,10912641.57041642,821159.0712025247,102.3344085097742,10.059277887551644,122842121.64072445,12075147.116939107
2020-05-22,12921390.85912326,1003852.5252336266,99.999219000164,10.21547785474965,121853548.31655484,12448019.462515913
2020-05-23,13201904.28821785,1009792.7039518045,97.16418959552018,10.371677821947657,112098714.19311002,11965846.1898923
2020-05-24,12455126.53264115,962497.3950956991,90.7443709436821,10.356057825227857,97667259.00297561,11146121.47671449
2020-05-25,10777920.42092449,805480.9774435771,92.15017064846417,10.254527846549152,99509375.42662117,11073464.694902414
2020-05-26,10258180.538398495,692466.1432699698,89.54944119461734,9.770307948235331,105164625.00292875,11474005.396708867
2020-05-27,9532269.91150727,632673.9091375907,89.44010121757874,9.262658054841808,103462788.60677439,10714885.372654071
2020-05-28,9435724.711436477,582072.1480908556,87.11272170632844,8.583188197530479,100357514.14000203,9888193.297459409
2020-05-29,11628631.257102864,713565.9701293702,85.08993213111425,8.083348302496857,107166770.29232824,10180597.269624574
2020-05-30,13168715.52279861,812488.6671625989,82.48139267890754,8.177068282815661,100736009.543818,9986800.681031857
2020-05-31,10967045.00120845,667553.5589615655,81.7941128232363,8.208308276255263,91336050.4369694,9165873.10314665
2020-06-01,10051645.702163648,604408.3844180288,78.55296350387766,7.919338336938949,96336097.59373951,9712149.827008536
2020-06-02,9235021.618837545,541767.8566357271,77.40489374497231,7.770948368100843,93439627.10381831,9380731.406346405
2020-06-03,9361334.986710176,544666.282700877,75.91318405823135,7.403878445185526,91815326.02838154,8954828.0941261
2020-06-04,9892642.967118196,605413.7205957449,71.66454495044556,7.614748400902836,88114496.26291579,9362645.363594474
2020-06-05,11257733.260968901,677660.0065389362,67.18941589022266,7.185198491108316,85531588.91292633,9146700.197592959
2020-06-06,13101320.51426505,777826.4659626543,65.6430362149624,6.755648581313798,80779795.221843,8313447.098976109
2020-06-07,11256564.114839504,702997.7060550464,65.17443631336837,6.654118602635093,73792060.9804672,7533952.780749916
2020-06-08,9928197.812878372,618191.0079350185,63.07354675455518,6.622878609195492,79040236.6741903,8299420.591841676
2020-06-09,9641228.665575312,627870.713969076,63.190696729953686,6.989948532110808,78937944.73645161,8731857.686209885
2020-06-10,9358756.74589623,576537.6208246807,60.63682726626627,6.661928600994994,76791630.14971767,8436792.956943478
2020-06-11,9354126.514898777,575854.1128900602,59.60590748275943,6.169898704321272,75557819.26101795,7821105.505267845
2020-06-12,10649790.565174244,682347.9059715832,58.61403769105208,5.951218750244062,74862845.37765247,7600997.758530471
2020-06-13,12773022.447279546,830760.9436999252,56.22417819292258,5.677868807647551,72384581.28255793,7309847.283292071
2020-06-14,10120810.917727154,651625.4260849281,55.31821838317414,5.623198819128248,63000480.64291906,6404114.9319358645
2020-06-15,8424228.001299758,536121.216207934,54.302918596387094,5.724728797806953,64916478.33896955,6843632.766067119
2020-06-16,7767513.364502052,485191.6853092465,52.811208909646126,5.20926890605353,62385828.27375606,6153704.149452128
2020-06-17,8282989.542485686,495496.0173467908,50.88994931311064,4.951538960176818,64534511.63299255,6279140.634640466
2020-06-18,8591045.363838494,487380.0862117011,49.60910958208699,4.334549089744691,60587853.57815075,5293806.4760506395
2020-06-19,9682517.490019117,557824.529535206,49.8277895361642,3.85813918979077,60577437.539538115,4690478.706039472
2020-06-20,11466327.603756797,642395.1345699158,48.19549987894503,3.7566092111120657,58181752.040362075,4534989.909482119
2020-06-21,9340228.86058461,499324.59700702096,47.039620121679775,3.7097492209526637,50515565.81095118,3983877.42988574
2020-06-22,9349493.95045223,463323.05203791003,48.68752977561875,3.655079232433361,59281011.19172765,4450355.026905444
2020-06-23,9175439.239258774,472620.73387443565,49.351379636210275,3.4442092767160517,59334818.27695816,4140948.703930772
2020-06-24,9566948.5911645,466664.75870782847,49.71063956076569,3.319249302957646,61452044.07182074,4103239.3920697276
2020-06-25,11030269.609213242,1118416.2080879805,49.093649690333564,3.241149319358643,60766695.87085386,4011800.6341718673
2020-06-26,12056095.731074108,1271411.135508484,49.76530954928499,3.092759350520536,64286677.5798377,3995217.250724377
2020-06-27,13200559.439573089,1338777.9998132214,50.077709483681005,3.0302793636413337,59078426.59773041,3574926.6250654086
2020-06-28,12035971.383109098,1198137.5932113319,50.64002936559383,2.9677993767621307,56114419.10013199,3288630.360587624
2020-06-29,11006273.9571091,992927.9550751052,53.62344873907576,2.7803594161245226,63856518.70885107,3310940.9642223977
2020-06-30,11095901.380457813,962090.0760656949,55.833678274927564,2.795979412844323,68275822.64274725,3419043.8531407905
2020-07-01,11099481.8144629,925403.8933927753,58.39535773697487,2.561679462047313,71788099.45251912,3149190.3999500163
2020-07-02,12821361.13429923,1132464.9308441493,61.878617005490426,2.6632094407260176,73893526.1908295,3180322.1546223476
2020-07-03,15820986.357497437,1411205.8315958248,63.4952866659898,2.6866394358057186,77746930.74874455,3289661.0304511837
2020-07-04,15927409.84079753,1428207.8602433605,64.38562647901844,2.546059465327512,69143981.81832382,2734223.4440530767
2020-07-05,15318796.385470726,1309387.604491092,65.43997625760498,2.538249466967612,70987519.36489093,2753424.4890308576
2020-07-06,13667412.303901747,1014414.5263694553,66.54899602471083,2.522629470247811,78218761.77162002,2964987.683632586
2020-07-07,13354067.337341456,918404.8832155324,67.97041572621269,2.5304394686077116,83275178.29445255,3100213.462875173
2020-07-08,13796080.124748027,949030.968440965,70.61800517021891,2.311759514530502,87056252.55972695,2849883.959044369
2020-07-09,13852923.258638212,397695.8746054775,73.44522457650284,2.288329519450801,91805796.26838279,2860389.016018307
2020-07-10,15356996.88436427,399495.5870724215,75.16342421568092,2.3742395014097046,93556289.93837912,2955227.7786021666
2020-07-11,17658483.679215763,464720.7611220321,76.9441038417382,2.288329519450801,92597689.27140526,2753869.5652173916
2020-07-12,15570602.332583709,411961.05809847213,78.17027358424255,2.3039495161706016,85361704.24317211,2515905.9598097485
2020-07-13,14629530.02133767,372288.50769053225,76.73323388602088,2.2805195210909006,93247223.3503331,2771316.968783437
2020-07-14,14528052.671630401,322409.65590303356,79.14652337923009,2.1711795440522956,95985262.8142548,2633106.676767598
2020-07-15,15717489.372570891,340903.6762596201,81.98155278387391,2.3976694964894056,100874611.53068157,2950224.4203028716
2020-07-16,16531149.72050688,366827.25565767,81.73944283471701,2.1946095391319966,101538207.1992565,2726183.4724814706
2020-07-17,17923707.96143377,392976.9869567513,83.9887223623683,2.085269562093392,105999814.8093189,2631760.3267703317
2020-07-18,20738429.28882297,462261.65117185755,84.80096219179794,2.1477495489725946,98645228.0753821,2498382.5493396646
2020-07-19,17750438.988993067,390582.72875745996,85.76159199006568,2.1633695456923956,93206727.31390727,2351175.982693044
2020-07-20,16096457.509679457,334934.6093205761,88.3388914488328,2.1711795440522956,102374351.20000625,2516140.8923704126
2020-07-21,16641340.73357633,334464.8847662714,89.61192118149656,2.022789575214189,107838896.33789177,2434222.95202318
2020-07-22,17183585.574742597,295091.6407865918,89.42448122085894,2.03840957193399,110507375.76245108,2518989.089432291
2020-07-23,17958205.35432883,309357.01223184017,89.96337110769207,1.929069594895385,112599414.7655829,2414450.5119453925
2020-07-24,20497500.37885747,397497.2447038423,91.90806069930726,1.8197296178567803,119393809.60785998,2363932.4981841757
2020-07-25,23699192.62153837,461676.28815245884,92.69687053365719,1.7338196358978764,113765664.14664054,2127894.299482197
2020-07-26,19933411.5059459,396851.90140939225,93.55597035324622,1.7181996391780758,106489334.80681969,1955726.9936973313
2020-07-27,18166380.57062391,348775.0670522016,98.53874930686264,1.7103896408181753,118421306.90950555,2055501.8002046219
2020-07-28,18232970.040252466,355350.22602305823,99.7258690575675,1.749439632617677,128494887.48916362,2254119.727274857
2020-07-29,19524035.622013375,375335.402810418,98.58560929702205,1.6244796588592716,133632004.717239,2201969.1817464717
2020-07-30,20047243.038381897,381669.82475929294,99.06201919697597,1.632289657219172,133992971.22015604,2207862.739278825
2020-07-31,21539447.637379598,416834.6349039723,98.52312931014285,1.5932396654196703,132549766.91059895,2143492.0689466656
2020-08-01,23574078.38498481,468177.23472199205,99.09325919041557,1.5776196686998696,129306397.54453652,2058629.595207785
2020-08-02,20142809.08043643,397142.3261637208,98.82771924617896,1.5619996719800688,127163405.2530049,2009853.0939308503
2020-08-03,17769928.71624917,346693.8886798066,97.14856959880038,1.5619996719800688,131595315.11000381,2115850.3916714177
2020-08-04,16363954.74641247,315534.4988553821,96.10202981857374,1.5776196686998696,124069065.92419615,2036729.0789668935
2020-08-05,17890080.729399797,355363.461370269,95.47722994978172,1.4448496965815638,131694703.06386237,1992925.976835545
2020-08-06,18559765.984379742,368735.5936513226,94.82119008755008,1.546379675260268,130396393.8269773,2126553.494583766
2020-08-07,20076005.64652062,351489.79525791906,91.65814075179044,1.546379675260268,127036899.86801103,2143260.5805952777
2020-08-08,21934444.643236086,390641.16357260774,90.16643106504948,1.6010496637795706,116270694.85555409,2064572.7540397216
2020-08-09,17952516.02292591,323863.3757258065,90.11957107489008,1.5932396654196703,104352605.53260283,1844867.9719777259
2020-08-10,16454315.608954448,298556.61403407156,88.04992150951648,1.5932396654196703,117174546.24690528,2120241.922509196
2020-08-11,16048120.369102582,293832.0107018812,85.37890207043057,1.6166696604993713,115048497.43441555,2178470.4508712054
2020-08-12,16015871.070861425,294451.10095429124,85.76159199006568,1.7806796260572786,111440327.86373115,2313850.7196913487
2020-08-13,17299778.23210425,313260.343700347,86.66755179981412,1.7650596293374778,118703605.64975281,2417501.5659046713
2020-08-14,19038021.769508913,337546.4821570779,85.80845198022509,1.9681195866948868,118539571.13737006,2718846.9943221314
2020-08-15,20148444.88789432,355957.9520042388,86.40201185557751,1.9915495817745879,110770748.87731273,2553244.234268711
2020-08-16,16391361.407381684,292637.18367576716,86.1989518982201,2.014979576854289,108452590.513976,2535178.7942924537
2020-08-17,14480088.36706881,264049.15448261285,83.9496723705688,2.022789575214189,111039895.84586188,2675535.679977507
2020-08-18,14269686.900155764,262445.46895699523,82.16899274451153,2.069649565373591,114810049.92931952,2891803.3676712927
2020-08-19,13805748.642180968,257806.36479428882,81.6769628478378,2.2102295358517976,109017346.03759733,2950077.3502237564
2020-08-20,15198332.703067936,277440.94129611214,81.55200287407939,2.0774595637334916,108724640.9197054,2769656.6256121085
2020-08-21,15243595.273516973,286115.05674714997,81.09121297084528,2.1008895588131926,107011370.4672722,2772422.099171359
2020-08-22,15729394.357107323,288882.49220699276,81.95812278879421,2.116509555532993,100936263.74364461,2606606.3917026576
2020-08-23,12324171.414365014,232609.75128063446,80.96625299708687,2.1008895588131926,90705278.73884146,2353595.0593950376
2020-08-24,10503026.405160416,203902.51851613363,77.92035363672574,2.069649565373591,92488498.79335526,2456595.3874149686
2020-08-25,10054108.535353849,192800.718895531,76.08500402214915,2.0540295686537906,91620040.14339156,2473421.3259815215
2020-08-26,10134942.160550768,196764.6655538305,73.08596465194742,1.9134495981755844,88734400.54357588,2323138.2916409587
2020-08-27,10209533.955600856,203932.59148003734,70.3524652259823,1.7884896244171788,85484788.0288345,2173181.223201943
2020-08-28,10631015.797409197,216205.87800001702,70.68048515709812,1.6400996555790723,85647289.93056911,1987395.6779469077
2020-08-29,11219499.210366402,225160.88108435736,70.64143516529862,1.6869596457384743,83120809.81872994,1984974.5628353418
2020-08-30,9693466.554434363,195501.57566564766,70.77420513741693,1.6479096539389726,77912349.91916652,1814114.5258159495
2020-08-31,9283439.349535713,189121.7460913664,71.49272498652775,1.632289657219172,91304074.00754446,2084613.444131177
2020-09-01,8157941.431063965,157571.09361021817,72.67203473887271,1.5932396654196703,93709862.07542898,2054466.6161620107
2020-09-02,8369664.621466672,162147.68181063366,75.18685421076061,1.5619996719800688,95264375.82493107,1979108.2543872665
2020-09-03,9693741.904269855,188487.4261648469,76.8660038581392,1.5619996719800688,102209186.52619083,2077000.3358299294
2020-09-04,12713086.0083483,234782.4009105503,78.69354347435588,1.5073296834607666,109980601.18243375,2106615.3263407815
2020-09-05,14917733.056895604,271230.7549183587,79.2011933677494,1.522949680180567,102002900.13355097,1961400.8013058316
2020-09-06,13952030.577831907,248461.77952008395,79.84161323326123,1.522949680180567,94940540.55341649,1810956.2171491943
2020-09-07,11009707.679611657,193982.61254247522,81.31770292328238,1.6635296506587733,94241037.54266211,1927904.4368600682
2020-09-08,8823655.350638727,151903.66691867114,81.13026296264478,1.5307596785404676,103630767.83217876,1955297.5062675239
2020-09-09,9152817.155790657,159989.21907412633,83.8403323935302,1.4917096867409658,112192030.71672356,1996150.709538351
2020-09-10,9410389.249086604,165097.49840652916,84.16835232464601,1.499519685100866,112095074.95255426,1997054.3185385931
2020-09-11,11153185.577455806,193523.0281112322,85.28518209011176,1.499519685100866,119653916.47987753,2103805.1249209237
2020-09-12,12617860.906590156,210373.51428058135,86.37077186213791,1.3667497129825603,117339703.07948236,1856808.756570161
2020-09-13,10150614.424969349,170571.71166686242,81.98936278223381,1.3511297162627596,97667860.66962926,1609500.847384822
2020-09-14,8989565.551962323,152633.86269709564,87.50322162432346,1.5385696769003678,111446115.63483572,1959557.7276028772
2020-09-15,8256842.416692001,146604.45233604172,89.73688115525496,1.4136097031419623,109084421.9429714,1718388.195968479
2020-09-16,9450714.258014921,167338.96303074312,88.3467014471927,1.3355097195429588,114344220.24195376,1728506.1581837067
2020-09-17,10016121.519454831,174757.78326579113,87.74533157348037,1.3511297162627596,114987010.44977781,1770605.5013628446
2020-09-18,11489401.630347151,201623.1594184239,86.0896119211815,1.4448496965815638,116738977.28852478,1959240.7510094424
2020-09-19,12358875.120709999,217820.61171574405,85.59758202450777,1.4917096867409658,108944322.52169226,1898573.5037995642
2020-09-20,9977859.749083592,176991.8724828665,86.0818019228216,1.655719652298873,95945485.19614811,1845440.2886575395
2020-09-21,7924832.1669647675,143948.48486836342,86.46449184245671,1.7572496309775776,93507024.7030248,1900377.6134207014
2020-09-22,7985040.036977997,146870.62776063755,88.4169914324318,1.8509696112963816,102040458.30632375,2136170.7109441506
2020-09-23,9060995.99557817,163308.325684703,88.3701314422724,1.9915495817745879,108867406.6900446,2453485.52416804
2020-09-24,9698489.502042556,173757.42669617053,89.70564116181535,1.9993595801344881,111130218.85177404,2476870.6273771683
2020-09-25,11822382.913888087,205749.72032802366,88.3076514553932,1.8978296014557836,116841089.94775112,2511044.9153005676
2020-09-26,12911396.044825181,228583.92841660985,88.2686014635937,2.04621957029389,110173161.06559618,2554005.3264188813
2020-09-27,11044224.78094267,194993.172664276,94.77433009739067,2.069649565373591,108602283.95592037,2371619.7155598598
2020-09-28,9098205.804348085,156807.42438082554,90.58036097812419,1.882209604735983,109656313.25903422,2278597.300864567
2020-09-29,9063411.07534934,149857.11863593623,94.79776009247038,1.9603095883349864,117043571.26233004,2420327.5981912045
2020-09-30,9469614.436968314,153071.88884659193,95.64123991533961,1.975929585054787,121066411.49319358,2501208.730016167
2020-10-01,10146759.903744137,162407.28013494442,95.78962988417773,1.9993595801344881,119677935.15358362,2497965.870307167
2020-10-02,11372038.780724451,179455.48951160497,99.26507915433338,1.9368795932552854,136493553.70545372,2663288.852789341
2020-10-03,13202112.897732917,204744.5801842949,93.79027030404323,1.8978296014557836,127822163.67413563,2586458.970173616
2020-10-04,10764767.178150866,166900.22075400891,103.38094829000086,1.8587796096562819,125408843.84689279,2254839.0749837942
2020-10-05,9368563.65761673,140615.2761322798,104.63054802758491,1.7181996391780758,135595330.9330605,2226690.513194992
2020-10-06,9461177.865983976,136509.1127964145,107.33280746011043,1.7103896408181753,142024810.15455985,2263220.0701337853
2020-10-07,10180568.91188497,144243.45344920232,110.72234674830719,1.6400996555790723,148651947.46214104,2201940.3940925174
2020-10-08,11533698.497529898,157552.9888609826,115.19747580853009,1.7338196358978764,157489925.10211575,2370356.838825064
2020-10-09,13954435.630636882,186042.61697321633,119.50078490483517,1.796299622777079,168393097.03922963,2531234.057840848
2020-10-10,16447487.364712605,209246.91196348215,123.92124397653876,1.905639599815684,169315702.3062925,2603707.781101366
2020-10-11,13701299.13152019,179237.32876398735,125.35047367640053,1.9212595965354848,154669322.71694222,2370632.6098671523
2020-10-12,11288681.370907497,149770.69017816248,126.53759342710538,2.0540295686537906,160533562.8900118,2605871.314657024
2020-10-13,10864547.305502089,138530.09801682853,128.50571301380026,2.04621957029389,166833698.4715833,2656522.9731101757
2020-10-14,11515463.91868664,142755.7816445962,131.3719824118837,2.069649565373591,172940573.71466953,2724526.0111995377
2020-10-15,12514636.29080778,153425.87429230133,136.0814114229036,2.04621957029389,180295758.88973066,2711058.817097648
2020-10-16,14804276.744251538,172542.70319361862,139.91612061761467,2.108699557173093,190009169.9533743,2863660.390031318
2020-10-17,17421767.780412983,193676.69394750634,151.5139681820667,2.061839567013691,204780067.32218587,2786697.8233534573
2020-10-18,14374724.174634269,161820.89463150536,145.3518794761053,2.093079560453292,175539865.97261813,2527789.161284276
2020-10-19,11970383.974186992,140509.5993108044,150.85792831983505,2.04621957029389,189550422.34909132,2571040.1043415777
2020-10-20,11947457.367871713,139674.69473737487,154.1146976359135,2.132129552252794,195421443.58447686,2703595.7076249016
2020-10-21,12579409.514746666,149607.36159414626,154.61453753094713,2.202419537491897,199492643.96560478,2841689.42760522
2020-10-22,13954536.92107234,165186.16405398943,159.55826649276403,2.249279527651299,211085215.28260478,2975650.6119133714
2020-10-23,16678485.913793007,198743.21629337076,166.40763505439665,2.405479494849306,232446338.6180989,3360091.6269007586
2020-10-24,18534823.239410367,217526.70092361898,168.43042462961083,2.342999507970103,220885553.9241337,3072691.5597347724
2020-10-25,15207638.089698834,175687.0809293706,171.32012402277397,2.3742395014097046,200690903.44499028,2781274.3730523814
2020-10-26,12724231.840283852,145682.53476219054,182.78520161510767,2.288329519450801,222778420.9432916,2789013.729977117
2020-10-27,13115847.027994039,146545.57639629097,186.2450308885435,2.358619504689904,229883545.34094548,2911260.5649752812
2020-10-28,13608109.657624645,150467.5651070934,194.43771916807898,2.405479494849306,238227037.90192205,2947217.531884318
2020-10-29,14435470.367064457,158588.13901308642,199.81880803805032,2.592919455486914,245255406.97901455,3182520.817550628
2020-10-30,17140339.934126195,190219.68895987392,206.191766699729,2.6241594489265156,274585369.5222624,3494590.513975992
2020-10-31,17386292.533544667,192773.8587460903,212.01021547785476,2.7178794292453197,269225624.3390789,3451356.268695183
2020-11-01,14986893.480807384,163180.4869003681,216.55563452331674,2.6007294538468146,244289264.96981436,2933797.0728126145
2020-11-02,14764927.926559344,153243.67809480807,224.93576276348983,2.585109457127014,281565365.46106327,3235934.028943854
2020-11-03,14498860.224424157,146617.72123619166,235.26058059527807,2.616349450566615,306550182.7695816,3409166.126475113
2020-11-04,16994153.328330245,165192.56697884153,246.29610827781727,2.6397794456463166,316422767.70721877,3391390.648307964
2020-11-05,17253490.391467713,165120.40999535815,252.23951702970143,2.72568942760522,304431404.4563851,3289672.7298287265
2020-11-06,21545153.630791217,197400.74365425057,263.0954147499629,2.788169414484423,334496616.2635406,3544847.9237119365
2020-11-07,25259589.62948989,220917.73892070624,275.00566224881095,2.8740793964433267,344463567.35733086,3599982.755523621
2020-11-08,22466214.136731207,194356.55531929032,284.33080029053195,2.835029404643825,330415136.4016214,3294530.970548496
2020-11-09,18397334.361269232,158516.04663926293,300.49749689552567,2.819409407924024,325970970.2048563,3058413.5628431514
2020-11-10,19489678.420282472,166027.20814226303,316.5079935333214,3.092759350520536,363545195.97628886,3552383.595879445
2020-11-11,22669322.072588082,191254.98372266922,330.30045063690534,3.342679298037347,391077715.3567997,3957752.3449520073
2020-11-12,24569090.03882936,203208.77305419603,359.8847244242079,3.4676392717957527,433492306.99541557,4176878.99969541
2020-11-13,30256542.191354822,241961.808496851,385.9310689544755,3.4832592685155537,497752280.5976211,4492512.742012324
2020-11-14,33501853.376482155,258143.56691997038,402.83971540365974,3.6706992291531617,496175663.2641107,4521181.887051803
2020-11-15,27775760.415694114,211727.9069809971,425.98074054404447,3.881569184870471,462270891.7924727,4212247.826867957
2020-11-16,26702106.664576422,198996.80824837717,453.08924485125857,3.951859170109574,514588407.3226544,4488256.870846057
2020-11-17,26691096.288899783,199498.2930710267,475.3711701720543,3.9596691684694747,532714243.68756884,4437316.140923611
2020-11-18,28703791.776065376,213678.03203341144,504.3775040807241,4.482939058582797,572190050.7493693,5085661.2491311375
2020-11-19,33164980.10562826,249775.4886864913,536.1329574120789,4.951538960176818,629415802.9381213,5813067.126935903
2020-11-20,37392904.76942415,286409.2031177462,562.5307518685421,5.435758858490639,676236217.8052342,6534499.668075069
2020-11-21,41677459.647615016,317932.0729678132,583.1335275419592,6.037128732202966,690281980.6936841,7146426.988230332
2020-11-22,36439944.6008959,280152.4216068721,614.0689310455244,6.310478674799478,662780563.0696417,6811063.706156622
2020-11-23,39567704.204413846,297468.42324212,628.9079279293352,6.513538632156887,710133902.4531206,7354788.200654478
2020-11-24,41736817.68819886,324320.3735482475,644.8637545786115,6.700978592794495,723093466.374052,7513887.707843581
2020-11-25,42232495.56471667,345018.0945121634,667.1847298912068,7.380448450105826,713582090.3773011,7893699.596223085
2020-11-26,35500588.974075586,295634.8350992546,678.1499675885068,7.802188361540444,616861486.1177279,7097057.786177865
2020-11-27,54069239.37819208,433423.0679754272,697.8936434423349,7.724088377941441,810658600.4561039,8972138.85396084
2020-11-28,51047209.3679879,412663.6875855236,717.3249193617669,7.685038386141939,794914369.2645324,8516290.563178983
2020-11-29,42104778.54077159,348190.9637764411,721.2064885466374,7.974008325458252,787246645.4963645,8704180.293812139
2020-11-30,37255210.34183466,313766.1431921923,716.2861895799002,8.122398294296358,772154363.5085638,8755920.994056592
2020-12-01,38566072.57131822,337832.38667619624,716.2549495864606,9.223608063042306,789106673.0187987,10161759.686350465
2020-12-02,39603876.001860686,359074.80498138757,733.1870260307245,9.856217930194235,816045958.2165087,10970088.830921346
2020-12-03,40808547.244249225,378787.68654079747,767.4494888356073,10.66064776126397,875229327.5981911,12157818.47220812
2020-12-04,44860839.757096246,413651.60986424895,806.975890535063,11.254207636616396,968669649.7215735,13509213.220765224
2020-12-05,45008998.57501359,419067.27815298556,849.9308815145149,11.472887590693606,1014002388.8129584,13687625.28408869
2020-12-06,39146533.977518514,364242.62585756544,859.4122195234339,11.621277559531713,936522121.5079545,12663985.067283137
2020-12-07,40828761.56272871,385970.26817313535,875.9694160464227,11.707187541490617,988573532.5403582,13212123.085574152
2020-12-08,44064730.64725336,421610.4462314704,905.2803398911286,12.324177411922744,1043173546.5436852,14201408.439484227
2020-12-09,44127093.04907059,428679.884314128,918.3230371521622,13.097367249552878,1043760454.0889246,14886389.031638304
2020-12-10,45572914.59939026,450891.7859626012,954.2021696175444,14.018947056021117,1061275103.4746683,15592041.143071359
2020-12-11,51762954.42579465,531802.3954274174,987.8398325536351,15.64342671488039,1219404306.9016955,19310480.588249076
2020-12-12,56284492.59388141,578989.9268766689,1012.6287673479588,16.80711647050554,1189832725.8612475,19748261.010145187
2020-12-13,47822016.12224425,490353.8743046644,1050.5931693754344,17.23666638030006,1135783668.2937496,18634353.18374583
2020-12-14,47534110.336317755,489696.25821265974,1081.3020829265627,17.408486344217867,1212382927.929335,19518830.101295676
2020-12-15,53312224.943815894,563864.7736346126,1111.526776579377,18.0879562015292,1338007026.4680843,21773485.80532798
2020-12-16,43582233.828756854,474921.3042127484,1123.5229340601838,18.720566068681126,1157624102.1547785,19288772.689997736
2020-12-17,40406384.370955594,447655.5381317522,1113.869776087347,19.00953600799744,1091977779.5081263,18635922.58729626
2020-12-18,57745025.938274086,653201.9172310015,1091.1973508485564,19.32974594075335,1295778303.7776964,22953744.698963612
2020-12-19,63242686.20228036,723041.4326039747,1072.7110847306722,19.821775837427076,1281188193.2037394,23674058.684327677
2020-12-20,52096059.77223484,601021.4679388072,1063.5187166610694,20.110745776743386,1150570914.1759279,21756870.65080716
2020-12-21,52519514.9807042,626523.1986489892,1069.993205301427,20.22789575214189,1200353687.4829156,22692320.975312594
2020-12-22,54899827.66436919,670385.8622152734,1051.6553291523808,20.712115650455715,1213679659.0935714,23903148.460258827
2020-12-23,59136069.64666683,735848.6207497374,1060.2385173499113,20.548105684897806,1278721868.6202075,24782453.823384695
2020-12-24,52735075.807782106,662919.0750331596,1038.3158519536712,21.032325583211627,1152662461.781773,23348552.502713975
2020-12-25,38167333.52846376,474981.40055295394,990.0032020993276,20.259135745581492,851439383.9238994,17423606.329222668
2020-12-26,60832966.52634761,737989.9953045814,966.7294069868245,18.947056021118236,1022236109.347787,20034939.136682782
2020-12-27,56903231.38896842,698492.7792942724,924.6803758171211,18.954866019478136,957680369.0692825,19631327.27798127
2020-12-28,60823106.546760954,765978.5180717331,890.363243023719,19.103255988316242,1010248872.9703766,21675471.20063105
2020-12-29,62219281.89157188,788638.3967873013,883.1077545473715,19.204785966994947,1009713614.670301,21958060.902367212
2020-12-30,64367501.07042249,837009.8538433287,870.9007271108474,19.665575870229066,1024890780.9764061,23142783.998875357
2020-12-31,61874191.52442819,797612.2844598364,865.5743082293952,20.134175771823088,1022277880.9912449,23779266.95355394
